Review,Length,Negative,Positive,Date,Stars
review0,271,-1,3,2017-10-14,4
review1,518,-2,3,2017-10-05,5
review2,407,-4,4,2017-08-15,5
review3,359,-2,3,2017-08-20,4
review4,484,-2,1,2017-08-15,1
review5,410,-1,3,2017-09-27,1
review6,398,-1,2,2017-08-17,4
review7,355,-1,1,2017-09-07,1
review8,309,-3,1,2017-09-12,1
review9,244,-2,2,2017-10-01,1
review10,258,-3,1,2017-08-18,2
review11,234,-4,1,2017-09-03,1
review12,297,-4,3,2017-09-19,3
review13,273,-2,2,2017-09-05,1
review14,381,-1,1,2017-09-09,1
review15,267,-4,2,2017-10-18,1
review16,441,-3,2,2017-10-17,1
review17,257,-3,1,2017-11-03,1
review18,287,-3,3,2017-08-16,1
review19,229,-3,2,2017-09-05,1
review20,435,-2,3,2017-09-11,4
review21,181,-3,1,2017-09-14,1
review22,518,-3,3,2017-10-02,1
review23,203,-1,1,2017-08-18,1
review24,324,-3,2,2017-10-25,1
review25,234,-1,3,2017-08-30,4
review26,312,-4,2,2017-09-23,1
review27,246,-1,3,2017-08-18,5
review28,221,-1,1,2017-08-31,2
review29,321,-4,3,2017-09-11,2
review30,274,-4,2,2017-10-28,1
review31,408,-2,1,2017-08-24,3
review32,356,-2,2,2017-10-04,4
review33,285,-1,1,2017-09-29,2
review34,206,-3,1,2017-08-30,1
review35,245,-3,1,2017-10-09,1
review36,297,-4,2,2017-09-16,2
review37,266,-4,3,2017-09-17,2
review38,180,-2,1,2017-10-31,1
review39,244,-2,4,2017-08-29,5
review40,279,-4,1,2017-10-31,1
review41,165,-3,2,2017-10-04,1
review42,248,-1,1,2017-09-26,4
review43,425,-4,1,2017-10-02,2
review44,306,-2,1,2017-10-23,1
review45,280,-4,2,2017-10-07,1
review46,240,-2,1,2017-09-02,1
review47,340,-3,3,2017-10-19,2
review48,175,-2,1,2017-09-08,1
review49,198,-2,1,2017-10-23,2
review50,168,-2,1,2017-08-27,1
review51,155,-3,3,2017-08-24,3
review52,164,-4,3,2017-09-01,4
review53,229,-1,2,2017-09-02,1
review54,427,-3,3,2017-09-17,1
review55,463,-2,3,2017-10-18,4
review56,301,-2,3,2017-11-03,2
review57,192,-2,1,2017-09-26,1
review58,407,-3,3,2017-10-04,1
review59,452,-2,1,2017-10-24,1
review60,294,-3,2,2017-08-29,2
review61,205,-2,1,2017-09-03,3
review62,213,-2,1,2017-11-02,1
review63,351,-2,1,2017-10-25,4
review64,280,-1,1,2017-09-27,3
review65,167,-3,3,2017-10-28,2
review66,287,-1,2,2017-08-23,2
review67,207,-2,2,2017-10-23,1
review68,159,-1,3,2017-11-03,2
review69,161,-4,1,2017-09-28,2
review70,339,-3,2,2017-09-01,2
review71,278,-1,2,2017-10-03,2
review72,500,-4,3,2017-10-03,1
review73,128,-3,1,2017-08-21,2
review74,1030,-4,2,2017-08-23,1
review75,225,-2,2,2017-09-07,1
review76,162,-1,3,2017-10-01,5
review77,335,-1,2,2017-10-14,5
review78,286,-4,3,2017-10-23,1
review79,231,-1,2,2017-10-07,4
review80,431,-2,3,2017-09-20,3
review81,166,-1,3,2017-09-01,4
review82,124,-2,3,2017-09-12,1
review83,305,-2,1,2017-09-29,2
review84,348,-3,1,2017-09-08,1
review85,208,-1,1,2017-08-20,2
review86,236,-3,3,2017-09-20,2
review87,139,-3,1,2017-10-16,1
review88,199,-4,3,2017-10-07,1
review89,568,-3,3,2017-09-21,2
review90,186,-1,1,2017-10-05,1
review91,104,-3,1,2017-09-23,2
review92,124,-1,2,2017-10-31,3
review93,215,-3,3,2017-10-05,1
review94,127,-2,1,2017-10-14,1
review95,308,-4,1,2017-10-08,1
review96,303,-4,3,2017-09-27,1
review97,484,-2,2,2017-09-27,1
review98,125,-1,1,2017-09-24,1
review99,161,-2,1,2017-09-14,1
review100,184,-3,3,2017-08-24,5
review101,205,-1,2,2017-09-15,3
review102,193,-2,1,2017-11-03,4
review103,194,-2,2,2017-08-31,1
review104,410,-3,3,2017-09-09,1
review105,281,-1,4,2017-10-01,5
review106,341,-4,2,2017-09-13,2
review107,91,-2,1,2017-08-22,1
review108,178,-3,2,2017-10-30,1
review109,178,-1,3,2017-08-20,4
review110,157,-4,3,2017-09-29,1
review111,122,-2,2,2017-09-28,1
review112,191,-1,1,2017-11-02,1
review113,277,-2,1,2017-09-26,1
review114,140,-3,1,2017-09-17,2
review115,287,-2,3,2017-09-30,3
review116,387,-3,3,2017-09-12,1
review117,112,-3,2,2017-09-20,1
review118,153,-1,3,2017-09-17,3
review119,104,-4,3,2017-08-20,1
review120,492,-1,3,2017-08-15,1
review121,162,-1,3,2017-10-01,5
review122,289,-2,1,2017-09-23,2
review123,158,-1,3,2017-10-09,4
review124,123,-1,3,2017-10-12,1
review125,1261,-3,3,2017-09-12,1
review126,169,-3,2,2017-10-05,2
review127,90,-2,1,2017-08-20,3
review128,148,-1,3,2017-08-31,3
review129,178,-3,3,2017-09-03,2
review130,127,-2,1,2017-08-23,2
review131,148,-3,1,2017-08-25,1
review132,96,-2,3,2017-09-12,2
review133,130,-2,3,2017-10-20,1
review134,134,-2,1,2017-10-23,3
review135,151,-4,3,2017-09-15,3
review136,710,-4,3,2017-09-07,1
review137,172,-4,3,2017-08-19,1
review138,376,-1,2,2017-09-05,2
review139,556,-2,3,2017-10-03,4
review140,299,-3,3,2017-08-22,1
review141,169,-3,1,2017-09-17,2
review142,136,-4,1,2017-10-20,2
review143,197,-3,1,2017-09-28,1
review144,166,-2,2,2017-08-21,1
review145,157,-1,3,2017-08-20,5
review146,68,-3,3,2017-08-30,1
review147,162,-2,2,2017-09-24,1
review148,139,-1,2,2017-10-17,3
review149,137,-1,3,2017-10-23,4
review150,194,-2,1,2017-09-01,5
review151,115,-1,1,2017-09-29,3
review152,360,-4,1,2017-09-16,1
review153,421,-4,3,2017-08-27,3
review154,161,-3,1,2017-10-06,1
review155,224,-2,2,2017-08-30,1
review156,146,-2,3,2017-09-16,1
review157,156,-2,2,2017-09-02,4
review158,275,-4,2,2017-08-27,1
review159,79,-2,3,2017-10-24,4
review160,198,-4,3,2017-08-25,2
review161,98,-1,3,2017-09-02,3
review162,187,-2,2,2017-10-22,2
review163,800,-3,2,2017-10-28,1
review164,495,-3,3,2017-08-23,1
review165,312,-4,2,2017-10-08,2
review166,46,-1,1,2017-10-08,4
review167,212,-1,1,2017-10-31,2
review168,396,-3,1,2017-09-01,2
review169,795,-3,3,2017-10-09,2
review170,266,-2,1,2017-10-31,1
review171,161,-1,1,2017-09-18,4
review172,99,-1,3,2017-08-21,5
review173,110,-3,3,2017-10-20,2
review174,63,-2,2,2017-09-01,2
review175,135,-2,1,2017-10-20,2
review176,146,-2,2,2017-10-26,1
review177,155,-4,1,2017-08-15,1
review178,73,-3,2,2017-10-17,4
review179,156,-3,2,2017-10-17,1
review180,382,-2,2,2017-09-23,1
review181,125,-2,3,2017-10-13,5
review182,136,-1,2,2017-09-24,5
review183,155,-2,3,2017-09-07,5
review184,113,-2,2,2017-10-02,5
review185,303,-1,2,2017-08-21,2
review186,157,-1,3,2017-08-20,5
review187,107,-3,1,2017-10-17,1
review188,320,-3,2,2017-09-18,2
review189,180,-2,1,2017-08-15,1
review190,135,-2,3,2017-08-19,3
review191,279,-2,3,2017-10-21,5
review192,323,-2,1,2017-09-16,3
review193,202,-3,1,2017-10-07,1
review194,107,-3,3,2017-10-25,5
review195,103,-4,1,2017-09-30,2
review196,328,-1,3,2017-08-20,5
review197,34,-2,3,2017-10-30,5
review198,73,-2,3,2017-09-30,1
review199,136,-3,1,2017-08-26,1
review200,137,-1,2,2017-09-02,5
review201,134,-1,1,2017-09-09,2
review202,227,-3,1,2017-10-19,1
review203,251,-1,1,2017-11-04,3
review204,287,-4,1,2017-08-22,1
review205,256,-3,1,2017-10-01,1
review206,132,-1,1,2017-10-03,1
review207,145,-3,4,2017-10-03,3
review208,194,-1,1,2017-09-23,1
review209,148,-5,1,2017-11-04,1
review210,102,-1,1,2017-10-02,4
review211,191,-3,2,2017-08-26,3
review212,150,-1,2,2017-08-16,3
review213,166,-3,1,2017-08-26,1
review214,213,-2,3,2017-08-26,1
review215,164,-2,1,2017-09-03,1
review216,199,-1,1,2017-09-27,1
review217,220,-2,2,2017-09-06,2
review218,67,-4,3,2017-08-22,3
review219,174,-2,2,2017-10-15,1
review220,233,-1,1,2017-10-05,1
review221,168,-3,1,2017-09-06,1
review222,135,-1,2,2017-08-16,1
review223,254,-1,1,2017-09-18,3
review224,272,-3,3,2017-09-18,2
review225,266,-1,3,2017-09-25,3
review226,157,-3,1,2017-08-22,3
review227,260,-3,2,2017-09-04,2
review228,83,-3,1,2017-09-23,1
review229,182,-1,1,2017-09-04,2
review230,194,-2,1,2017-09-18,2
review231,171,-2,1,2017-08-26,4
review232,119,-2,1,2017-09-07,4
review233,216,-2,2,2017-10-01,3
review234,158,-3,3,2017-09-06,1
review235,296,-3,2,2017-10-29,1
review236,181,-2,1,2017-10-22,3
review237,278,-2,1,2017-10-20,1
review238,204,-1,1,2017-10-17,1
review239,161,-2,1,2017-10-11,2
review240,94,-1,1,2017-11-04,1
review241,126,-3,1,2017-09-05,1
review242,116,-3,2,2017-10-06,2
review243,129,-4,1,2017-09-07,4
review244,101,-1,1,2017-10-18,3
review245,159,-3,1,2017-08-28,3
review246,102,-1,1,2017-10-02,4
review247,146,-4,1,2017-08-27,2
review248,120,-3,1,2017-09-21,3
review249,176,-4,2,2017-09-07,5
review250,123,-2,1,2017-09-07,1
review251,151,-1,3,2017-09-28,5
review252,154,-1,1,2017-08-31,1
review253,89,-1,1,2017-09-30,3
review254,346,-2,2,2017-09-10,2
review255,178,-1,3,2017-09-03,5
review256,135,-2,1,2017-09-07,1
review257,114,-3,1,2017-10-01,1
review258,110,-2,3,2017-09-03,1
review259,94,-1,1,2017-08-24,1
review260,103,-3,1,2017-09-02,1
review261,78,-2,2,2017-08-31,3
review262,102,-4,1,2017-09-18,1
review263,113,-1,1,2017-09-27,1
review264,104,-2,1,2017-08-17,2
review265,110,-1,1,2017-11-02,1
review266,131,-1,1,2017-10-31,1
review267,113,-3,1,2017-10-30,1
review268,114,-2,1,2017-10-29,1
review269,143,-3,1,2017-10-28,1
review270,126,-1,1,2017-10-28,2
review271,169,-1,3,2017-10-27,5
review272,466,-2,4,2017-10-25,3
review273,196,-4,3,2017-10-25,1
review274,91,-2,1,2017-10-23,1
review275,293,-2,2,2017-10-23,1
review276,96,-2,2,2017-10-17,1
review277,156,-4,2,2017-10-17,5
review278,145,-2,2,2017-10-15,3
review279,185,-1,3,2017-10-12,5
review280,122,-3,3,2017-08-16,2
review281,119,-1,1,2017-09-23,1
review282,101,-1,1,2017-10-18,3
review283,45,-2,2,2017-10-21,1
review284,43,-1,2,2017-09-03,2
review285,97,-3,1,2017-09-06,1
review286,86,-2,1,2017-09-19,5
review287,219,-2,2,2017-09-14,3
review288,79,-1,1,2017-08-19,1
review289,102,-2,1,2017-09-18,2
review290,50,-1,1,2017-08-31,1
review291,83,-1,2,2017-09-05,3
review292,68,-4,1,2017-08-23,1
review293,102,-2,1,2017-09-01,1
review294,107,-3,1,2017-08-22,1
review295,118,-3,1,2017-10-03,1
review296,74,-1,1,2017-09-28,1
review297,73,-2,2,2017-08-30,3
review298,140,-1,3,2017-09-06,5
review299,127,-3,2,2017-10-02,1
review300,94,-2,3,2017-09-12,1
review301,71,-1,2,2017-08-18,1
review302,121,-3,1,2017-09-02,3
review303,90,-2,3,2017-09-06,3
review304,66,-2,1,2017-09-11,4
review305,106,-2,2,2017-08-30,5
review306,86,-3,1,2017-09-04,1
review307,205,-1,3,2017-08-15,5
review308,96,-4,1,2017-10-05,1
review309,68,-1,1,2017-10-30,1
review310,122,-2,1,2017-10-28,2
review311,78,-1,1,2017-10-28,1
review312,84,-2,2,2017-10-24,4
review313,97,-1,1,2017-10-21,5
review314,131,-1,3,2017-10-20,1
review315,160,-1,3,2017-10-17,5
review316,166,-2,2,2017-10-15,1
review317,84,-1,2,2017-10-09,4
review318,94,-4,1,2017-10-09,1
review319,101,-1,1,2017-10-08,2
review320,58,-3,1,2017-09-16,2
review321,156,-1,3,2017-08-30,5
review322,121,-1,1,2017-10-13,2
review323,77,-1,2,2017-08-15,4
review324,59,-2,1,2017-08-18,3
review325,59,-1,1,2017-08-19,3
review326,99,-1,1,2017-09-23,4
review327,67,-3,2,2017-09-23,1
review328,67,-1,1,2017-11-03,1
review329,191,-1,2,2017-10-01,1
review330,106,-3,3,2017-10-05,4
review331,93,-2,1,2017-09-15,1
review332,143,-1,3,2017-08-17,5
review333,83,-2,1,2017-09-07,1
review334,57,-4,1,2017-08-29,1
review335,70,-1,1,2017-08-26,2
review336,78,-2,1,2017-11-03,3
review337,68,-2,1,2017-09-23,3
review338,58,-1,1,2017-10-04,4
review339,67,-1,3,2017-10-02,2
review340,78,-2,1,2017-09-15,1
review341,83,-2,3,2017-08-18,1
review342,111,-1,3,2017-09-09,5
review343,58,-3,2,2017-09-06,1
review344,68,-1,1,2017-09-23,1
review345,165,-1,4,2017-08-18,4
review346,113,-1,3,2017-09-16,4
review347,712,-4,3,2017-10-07,1
review348,91,-1,1,2017-08-23,2
review349,80,-3,1,2017-11-02,1
review350,101,-3,1,2017-11-01,1
review351,139,-1,1,2017-10-29,1
review352,90,-1,1,2017-10-28,3
review353,133,-1,3,2017-10-27,4
review354,57,-1,1,2017-10-22,1
review355,165,-1,3,2017-10-21,1
review356,62,-1,1,2017-10-20,1
review357,55,-2,1,2017-10-18,4
review358,275,-2,1,2017-10-17,2
review359,150,-1,2,2017-10-15,4
review360,55,-3,1,2017-10-07,1
review361,124,-2,3,2017-09-01,5
review362,53,-1,2,2017-08-22,2
review363,59,-2,1,2017-08-18,3
review364,60,-1,1,2017-10-03,2
review365,154,-1,1,2017-09-15,1
review366,84,-3,1,2017-09-17,1
review367,33,-1,1,2017-11-03,2
review368,69,-1,1,2017-08-15,3
review369,109,-1,1,2017-09-12,4
review370,76,-1,3,2017-09-25,1
review371,64,-1,1,2017-08-16,2
review372,43,-3,1,2017-10-02,1
review373,47,-4,1,2017-10-08,2
review374,45,-3,1,2017-08-16,1
review375,150,-2,3,2017-08-17,4
review376,59,-2,1,2017-09-25,1
review377,46,-3,1,2017-09-05,1
review378,56,-1,1,2017-09-25,4
review379,42,-1,1,2017-09-16,2
review380,61,-3,1,2017-08-29,1
review381,58,-1,1,2017-09-23,3
review382,60,-1,1,2017-09-05,1
review383,41,-2,1,2017-08-21,2
review384,50,-1,1,2017-11-01,4
review385,63,-2,1,2017-10-31,2
review386,87,-3,2,2017-10-29,1
review387,55,-3,1,2017-10-27,1
review388,38,-2,1,2017-10-24,4
review389,129,-1,3,2017-10-23,5
review390,49,-1,1,2017-10-19,1
review391,51,-1,1,2017-10-22,3
review392,93,-1,2,2017-10-22,5
review393,98,-3,1,2017-10-21,3
review394,55,-1,1,2017-10-20,2
review395,51,-1,3,2017-10-18,3
review396,61,-3,1,2017-10-15,1
review397,67,-3,1,2017-10-15,1
review398,64,-3,1,2017-10-13,1
review399,86,-1,2,2017-10-12,1
review400,50,-1,1,2017-09-19,1
review401,107,-1,1,2017-09-11,3
review402,101,-2,1,2017-08-22,1
review403,118,-1,2,2017-09-02,2
review404,161,-1,1,2017-08-30,5
review405,60,-3,1,2017-09-07,1
review406,42,-2,1,2017-08-24,2
review407,119,-1,3,2017-09-04,5
review408,46,-1,2,2017-08-15,4
review409,154,-1,1,2017-09-15,1
review410,145,-1,3,2017-09-19,5
review411,117,-1,1,2017-09-22,5
review412,133,-1,1,2017-11-03,3
review413,156,-1,2,2017-10-17,5
review414,33,-1,1,2017-11-03,2
review415,109,-1,1,2017-09-12,4
review416,29,-1,1,2017-08-23,2
review417,76,-1,3,2017-10-02,5
review418,27,-2,1,2017-09-09,1
review419,36,-3,1,2017-09-05,1
review420,144,-1,1,2017-09-16,5
review421,90,-1,3,2017-10-07,3
review422,46,-2,1,2017-10-08,1
review423,36,-1,1,2017-08-19,2
review424,36,-1,1,2017-10-31,3
review425,110,-1,3,2017-09-24,5
review426,62,-2,2,2017-09-17,1
review427,32,-1,1,2017-09-23,3
review428,127,-1,3,2017-08-19,1
review429,46,-1,1,2017-11-02,2
review430,118,-1,1,2017-09-10,2
review431,29,-1,1,2017-09-16,2
review432,40,-1,1,2017-10-30,2
review433,30,-1,1,2017-10-30,2
review434,28,-2,1,2017-10-29,1
review435,137,-1,3,2017-10-24,5
review436,41,-3,1,2017-10-24,1
review437,136,-1,3,2017-10-23,4
review438,37,-1,1,2017-10-21,3
review439,46,-3,1,2017-10-20,1
review440,21,-1,1,2017-09-02,1
review441,28,-1,1,2017-08-23,2
review442,128,-2,3,2017-10-04,5
review443,73,-1,2,2017-09-17,3
review444,25,-3,1,2017-09-26,5
review445,156,-1,2,2017-10-17,5
review446,76,-1,3,2017-08-17,5
review447,31,-2,1,2017-10-01,3
review448,32,-5,1,2017-09-28,1
review449,30,-1,1,2017-09-12,1
review450,71,-2,1,2017-09-26,1
review451,93,-1,2,2017-09-02,3
review452,73,-1,1,2017-08-28,5
review453,61,-1,3,2017-10-06,4
review454,51,-2,2,2017-09-23,2
review455,25,-1,1,2017-09-18,2
review456,90,-1,2,2017-11-01,3
review457,61,-2,1,2017-09-18,5
review458,81,-1,1,2017-08-17,3
review459,31,-1,1,2017-10-05,1
review460,22,-2,1,2017-09-12,1
review461,81,-2,2,2017-10-03,3
review462,31,-1,1,2017-09-08,2
review463,66,-1,1,2017-08-31,1
review464,107,-1,1,2017-09-26,4
review465,103,-2,2,2017-09-30,5
review466,79,-1,1,2017-11-02,4
review467,112,-1,3,2017-11-01,5
review468,71,-1,1,2017-10-30,4
review469,118,-1,2,2017-10-27,5
review470,100,-1,4,2017-10-27,5
review471,102,-1,2,2017-10-26,3
review472,114,-1,2,2017-10-24,4
review473,101,-1,1,2017-10-21,5
review474,95,-1,1,2017-10-21,4
review475,58,-1,1,2017-10-20,1
review476,114,-1,3,2017-10-19,4
review477,37,-3,1,2017-10-17,1
review478,32,-1,1,2017-10-17,1
review479,62,-1,1,2017-10-15,2
review480,19,-1,1,2017-10-20,1
review481,74,-1,1,2017-10-01,4
review482,102,-1,1,2017-09-29,5
review483,83,-1,1,2017-08-25,5
review484,69,-1,1,2017-09-17,1
review485,27,-2,2,2017-11-03,3
review486,30,-1,1,2017-09-16,1
review487,116,-1,3,2017-09-06,5
review488,36,-1,1,2017-08-16,1
review489,73,-1,1,2017-09-13,1
review490,89,-1,2,2017-10-12,4
review491,20,-1,1,2017-10-07,1
review492,74,-1,3,2017-09-19,5
review493,31,-2,1,2017-09-23,1
review494,32,-5,1,2017-09-01,1
review495,40,-2,1,2017-09-19,1
review496,16,-1,1,2017-10-08,1
review497,44,-1,1,2017-09-11,5
review498,28,-3,1,2017-09-23,1
review499,17,-2,1,2017-09-23,1
review500,22,-1,1,2017-08-21,1
review501,62,-1,1,2017-09-26,1
review502,25,-3,1,2017-09-03,2
review503,40,-1,1,2017-08-20,5
review504,38,-2,1,2017-10-30,2
review505,28,-4,1,2017-10-29,1
review506,31,-3,1,2017-10-25,1
review507,33,-4,1,2017-10-23,1
review508,54,-2,3,2017-10-19,4
review509,15,-1,1,2017-10-17,2
review510,29,-3,1,2017-10-16,2
review511,62,-1,1,2017-10-15,2
review512,58,-1,2,2017-10-15,4
review513,91,-1,1,2017-10-15,3
review514,110,-1,4,2017-10-14,5
review515,24,-2,1,2017-10-13,2
review516,41,-1,1,2017-10-12,2
review517,48,-1,1,2017-10-11,1
review518,70,-1,1,2017-10-10,5
review519,60,-1,1,2017-10-09,2
review520,42,-1,1,2017-09-19,1
review521,46,-1,1,2017-09-16,1
review522,29,-1,2,2017-08-31,5
review523,37,-1,1,2017-08-26,3
review524,105,-1,2,2017-10-06,2
review525,64,-1,1,2017-09-27,2
review526,24,-1,1,2017-08-23,3
review527,98,-1,2,2017-11-03,5
review528,76,-1,3,2017-08-28,4
review529,77,-1,1,2017-09-18,5
review530,87,-1,2,2017-08-26,5
review531,20,-1,1,2017-08-19,1
review532,82,-2,2,2017-09-27,4
review533,49,-2,3,2017-08-18,4
review534,36,-1,1,2017-08-16,1
review535,33,-1,1,2017-10-30,4
review536,28,-1,1,2017-08-21,4
review537,73,-1,1,2017-08-19,5
review538,25,-1,1,2017-08-24,1
review539,37,-1,1,2017-09-27,2
review540,37,-1,2,2017-09-19,2
review541,31,-1,1,2017-08-28,2
review542,27,-2,1,2017-09-22,3
review543,83,-1,3,2017-09-16,5
review544,43,-4,1,2017-09-14,2
review545,72,-2,1,2017-09-14,4
review546,29,-1,1,2017-09-23,1
review547,34,-1,1,2017-11-01,5
review548,31,-1,1,2017-08-15,1
review549,36,-1,1,2017-08-18,2
review550,48,-1,1,2017-09-30,3
review551,63,-1,3,2017-11-01,5
review552,78,-1,3,2017-11-01,5
review553,22,-4,1,2017-11-01,1
review554,33,-1,1,2017-10-29,1
review555,61,-1,3,2017-10-21,4
review556,98,-3,1,2017-10-21,1
review557,36,-1,1,2017-10-20,5
review558,55,-1,2,2017-10-19,1
review559,34,-2,1,2017-10-18,1
review560,12,-1,2,2017-08-18,5
review561,16,-1,1,2017-09-22,5
review562,49,-2,3,2017-09-06,5
review563,25,-2,1,2017-09-28,1
review564,20,-3,1,2017-09-29,2
review565,19,-2,1,2017-10-03,1
review566,63,-1,3,2017-09-23,5
review567,22,-1,1,2017-10-25,4
review568,69,-1,3,2017-09-30,5
review569,16,-1,1,2017-10-05,3
review570,25,-2,1,2017-08-29,1
review571,39,-3,2,2017-10-19,1
review572,57,-1,4,2017-09-13,5
review573,79,-1,1,2017-08-23,4
review574,17,-2,1,2017-08-25,3
review575,20,-1,1,2017-08-29,1
review576,25,-1,1,2017-08-24,1
review577,53,-1,2,2017-09-28,4
review578,27,-3,1,2017-08-20,1
review579,63,-1,1,2017-09-27,4
review580,29,-1,1,2017-08-20,5
review581,53,-1,2,2017-09-14,1
review582,30,-4,1,2017-10-05,1
review583,27,-1,1,2017-09-20,4
review584,26,-1,1,2017-09-24,1
review585,71,-2,1,2017-09-25,5
review586,65,-1,3,2017-08-19,5
review587,64,-1,3,2017-08-26,5
review588,19,-3,1,2017-11-01,3
review589,67,-1,1,2017-11-01,1
review590,16,-4,1,2017-10-30,2
review591,63,-1,3,2017-10-29,4
review592,17,-1,1,2017-10-29,1
review593,66,-1,1,2017-10-28,2
review594,21,-1,1,2017-10-24,3
review595,16,-1,1,2017-10-20,1
review596,68,-1,2,2017-10-22,5
review597,64,-1,3,2017-10-10,5
review598,50,-1,3,2017-10-17,1
review599,23,-1,1,2017-10-13,1
review600,6,-1,3,2017-08-21,5
review601,17,-1,1,2017-09-05,1
review602,51,-1,2,2017-09-25,5
review603,51,-1,3,2017-09-15,5
review604,37,-1,1,2017-10-06,5
review605,20,-1,1,2017-09-30,4
review606,22,-1,1,2017-09-03,5
review607,62,-1,3,2017-09-28,5
review608,12,-1,1,2017-08-28,1
review609,8,-2,1,2017-08-23,1
review610,56,-1,1,2017-08-26,3
review611,12,-1,1,2017-09-11,1
review612,42,-1,1,2017-08-23,3
review613,41,-1,2,2017-09-20,4
review614,13,-1,1,2017-09-24,1
review615,19,-1,1,2017-09-28,1
review616,24,-2,1,2017-08-20,3
review617,21,-2,1,2017-08-28,1
review618,19,-1,1,2017-10-08,4
review619,94,-4,2,2017-10-08,1
review620,29,-1,3,2017-09-07,5
review621,56,-4,1,2017-09-27,1
review622,33,-1,3,2017-10-31,5
review623,51,-1,2,2017-10-31,5
review624,52,-1,2,2017-10-30,5
review625,16,-4,1,2017-10-30,2
review626,10,-1,1,2017-10-28,1
review627,6,-1,1,2017-10-27,5
review628,12,-1,1,2017-10-25,1
review629,17,-1,1,2017-10-23,4
review630,49,-1,1,2017-10-22,5
review631,27,-2,1,2017-10-22,1
review632,19,-1,1,2017-10-20,2
review633,41,-1,2,2017-10-19,5
review634,62,-1,2,2017-10-19,5
review635,12,-1,1,2017-10-19,1
review636,73,-1,2,2017-10-18,4
review637,59,-1,1,2017-10-16,5
review638,50,-1,4,2017-10-11,3
review639,36,-1,2,2017-10-10,5
review640,30,-1,2,2017-10-02,4
review641,33,-1,3,2017-08-20,5
review642,26,-1,3,2017-09-17,5
review643,21,-1,2,2017-10-07,5
review644,31,-1,1,2017-09-10,4
review645,34,-1,2,2017-11-03,5
review646,44,-1,3,2017-08-21,4
review647,20,-1,3,2017-10-03,5
review648,24,-1,3,2017-09-17,5
review649,25,-1,1,2017-08-29,5
review650,51,-1,3,2017-09-27,5
review651,43,-1,3,2017-09-11,4
review652,29,-1,3,2017-10-03,5
review653,13,-1,1,2017-09-24,1
review654,43,-1,4,2017-09-08,5
review655,32,-1,3,2017-10-07,5
review656,65,-1,4,2017-10-20,5
review657,58,-1,3,2017-10-06,5
review658,35,-1,1,2017-09-26,5
review659,19,-2,3,2017-08-15,3
review660,46,-1,1,2017-09-11,3
review661,44,-1,2,2017-10-06,4
review662,40,-1,3,2017-09-03,5
review663,35,-1,3,2017-08-21,5
review664,45,-1,4,2017-10-29,5
review665,44,-1,3,2017-10-28,5
review666,50,-1,1,2017-10-28,5
review667,29,-1,1,2017-10-27,5
review668,38,-1,3,2017-10-24,5
review669,37,-4,1,2017-10-18,5
review670,43,-1,3,2017-10-21,5
review671,53,-1,1,2017-10-08,5
review672,11,-1,1,2017-10-08,4
review673,43,-1,1,2017-10-12,5
review674,13,-1,1,2017-10-20,1
review675,27,-1,3,2017-10-16,5
review676,36,-2,2,2017-10-13,4
review677,54,-1,3,2017-10-13,5
review678,7,-1,1,2017-10-12,4
review679,37,-3,1,2017-10-11,1
review680,17,-1,2,2017-09-11,5
review681,38,-2,1,2017-09-13,5
review682,30,-1,1,2017-09-29,5
review683,10,-1,1,2017-09-27,5
review684,12,-1,1,2017-10-12,1
review685,10,-1,1,2017-09-23,3
review686,8,-3,1,2017-09-30,1
review687,11,-1,1,2017-09-07,1
review688,20,-1,3,2017-10-03,5
review689,28,-1,3,2017-08-26,4
review690,23,-1,1,2017-10-30,5
review691,18,-1,3,2017-08-26,5
review692,18,-1,1,2017-10-04,4
review693,39,-1,3,2017-09-02,5
review694,8,-1,1,2017-09-15,5
review695,33,-1,2,2017-08-26,5
review696,28,-1,3,2017-08-30,5
review697,29,-1,2,2017-10-30,5
review698,25,-1,3,2017-08-30,5
review699,17,-1,1,2017-09-23,4
review700,27,-1,1,2017-10-16,4
review701,23,-1,3,2017-09-21,5
review702,25,-1,3,2017-09-10,5
review703,37,-1,2,2017-08-28,3
review704,9,-1,2,2017-09-18,5
review705,8,-1,1,2017-10-06,5
review706,16,-2,1,2017-09-20,1
review707,24,-2,1,2017-09-08,2
review708,15,-1,1,2017-08-17,1
review709,27,-1,1,2017-09-11,4
review710,19,-1,1,2017-09-04,4
review711,13,-1,1,2017-10-07,1
review712,13,-1,1,2017-09-10,1
review713,27,-1,1,2017-11-02,3
review714,37,-1,2,2017-10-27,5
review715,9,-1,1,2017-10-24,3
review716,10,-1,1,2017-10-24,3
review717,16,-1,1,2017-10-22,2
review718,16,-1,1,2017-10-18,2
review719,27,-1,3,2017-10-14,5
review720,10,-1,3,2017-08-19,5
review721,27,-1,1,2017-08-28,4
review722,26,-1,2,2017-09-28,5
review723,14,-1,2,2017-09-02,4
review724,24,-1,1,2017-08-28,5
review725,20,-1,3,2017-08-30,5
review726,32,-1,4,2017-09-30,5
review727,20,-1,1,2017-08-17,5
review728,20,-1,1,2017-09-29,4
review729,33,-1,1,2017-08-30,4
review730,20,-1,3,2017-08-20,5
review731,17,-1,1,2017-09-08,5
review732,26,-1,2,2017-10-06,5
review733,18,-1,1,2017-09-27,5
review734,17,-1,2,2017-09-30,4
review735,25,-1,3,2017-09-24,5
review736,26,-1,2,2017-08-16,4
review737,17,-1,3,2017-09-22,5
review738,16,-1,1,2017-08-17,4
review739,9,-1,2,2017-09-15,5
review740,14,-1,2,2017-09-30,4
review741,22,-1,1,2017-10-08,1
review742,29,-1,2,2017-08-19,5
review743,20,-1,3,2017-09-05,5
review744,27,-1,1,2017-09-26,5
review745,24,-2,1,2017-09-08,2
review746,25,-1,3,2017-09-03,5
review747,8,-1,1,2017-11-01,5
review748,29,-1,1,2017-10-27,5
review749,16,-1,1,2017-10-24,5
review750,26,-1,1,2017-10-23,4
review751,29,-1,1,2017-10-22,5
review752,33,-1,3,2017-10-25,5
review753,40,-1,4,2017-10-24,5
review754,39,-1,1,2017-10-24,5
review755,25,-1,1,2017-10-24,5
review756,28,-1,3,2017-10-24,5
review757,28,-1,3,2017-10-24,4
review758,27,-1,2,2017-10-21,4
review759,21,-1,3,2017-10-17,5
review760,18,-1,2,2017-09-06,5
review761,19,-1,3,2017-08-15,5
review762,10,-1,3,2017-08-19,5
review763,12,-1,3,2017-09-18,5
review764,20,-1,2,2017-11-04,2
review765,14,-1,3,2017-09-03,5
review766,11,-1,3,2017-08-19,5
review767,5,-1,1,2017-09-29,5
review768,8,-1,3,2017-09-01,5
review769,19,-1,3,2017-08-25,4
review770,9,-1,2,2017-09-17,4
review771,16,-1,1,2017-09-26,4
review772,11,-1,3,2017-10-06,4
review773,24,-1,3,2017-09-04,5
review774,7,-1,1,2017-10-05,5
review775,9,-1,3,2017-09-30,5
review776,29,-1,1,2017-08-19,5
review777,9,-1,3,2017-09-17,4
review778,9,-1,3,2017-08-20,5
review779,11,-1,3,2017-09-04,5
review780,24,-1,1,2017-08-19,5
review781,10,-1,2,2017-09-03,5
review782,6,-1,2,2017-08-23,5
review783,15,-1,1,2017-09-01,5
review784,11,-1,1,2017-09-30,3
review785,10,-1,2,2017-08-26,4
review786,20,-2,1,2017-09-05,5
review787,7,-1,2,2017-09-07,4
review788,10,-1,3,2017-09-11,5
review789,14,-1,3,2017-09-10,5
review790,18,-1,1,2017-10-31,5
review791,7,-1,2,2017-10-26,5
review792,25,-1,3,2017-10-24,5
review793,11,-1,3,2017-10-23,5
review794,16,-1,3,2017-10-18,5
review795,12,-1,3,2017-10-17,5
review796,10,-1,3,2017-10-16,5
review797,14,-1,1,2017-10-15,5
review798,10,-1,3,2017-10-13,5
review799,14,-1,2,2017-10-09,4
review800,6,-1,2,2017-10-31,5
review801,8,-1,3,2017-09-12,5
review802,668,-2,1,2017-05-21,2
review803,7,-1,3,2017-08-27,5
review804,398,-2,1,2017-04-22,1
review805,7,-1,3,2017-09-28,4
review806,307,-2,2,2017-05-01,3
review807,360,-1,3,2017-07-08,5
review808,7,-1,3,2017-08-28,5
review809,5,-1,1,2017-09-22,4
review810,285,-3,4,2017-07-31,2
review811,253,-2,3,2017-05-02,3
review812,473,-2,2,2017-08-12,2
review813,395,-2,4,2017-07-29,5
review814,4,-1,2,2017-09-18,4
review815,314,-2,3,2017-06-29,1
review816,7,-1,3,2017-09-17,4
review817,4,-2,1,2017-10-05,1
review818,4,-1,2,2017-09-07,5
review819,6,-1,1,2017-08-20,5
review820,373,-4,2,2017-05-24,2
review821,7,-1,3,2017-11-02,5
review822,475,-4,2,2017-07-30,1
review823,318,-3,2,2017-04-15,2
review824,282,-2,3,2017-04-14,2
review825,5,-4,1,2017-09-23,1
review826,7,-1,3,2017-09-16,5
review827,7,-3,1,2017-08-17,1
review828,10,-1,2,2017-11-02,5
review829,5,-4,1,2017-10-31,1
review830,20,-1,3,2017-10-29,5
review831,7,-3,1,2017-10-29,1
review832,6,-1,2,2017-10-24,5
review833,4,-1,3,2017-10-26,5
review834,17,-1,4,2017-10-26,5
review835,7,-1,3,2017-10-25,5
review836,9,-1,3,2017-10-24,5
review837,11,-1,3,2017-10-23,5
review838,12,-1,2,2017-10-20,4
review839,8,-4,1,2017-10-18,1
review840,328,-4,1,2017-04-16,2
review841,322,-4,1,2017-06-10,1
review842,230,-4,2,2017-05-23,1
review843,656,-2,3,2017-06-20,5
review844,266,-2,3,2017-04-18,3
review845,396,-2,1,2017-06-12,1
review846,451,-2,2,2017-07-16,1
review847,246,-4,1,2017-07-31,2
review848,349,-3,1,2017-04-16,1
review849,335,-3,1,2017-06-30,1
review850,231,-5,2,2017-05-28,1
review851,289,-2,3,2017-06-04,3
review852,299,-1,1,2017-04-15,4
review853,331,-3,2,2017-07-14,1
review854,575,-4,1,2017-05-18,1
review855,245,-2,2,2017-07-18,1
review856,328,-1,3,2017-06-06,2
review857,622,-2,2,2017-08-06,1
review858,332,-1,3,2017-05-21,5
review859,253,-2,3,2017-05-02,3
review860,296,-5,2,2017-08-05,1
review861,324,-3,3,2017-07-26,2
review862,254,-3,2,2017-05-15,3
review863,266,-2,1,2017-07-30,2
review864,373,-3,3,2017-04-21,3
review865,362,-1,3,2017-04-20,3
review866,276,-3,2,2017-08-11,1
review867,406,-4,2,2017-05-23,1
review868,277,-2,2,2017-06-20,2
review869,306,-4,2,2017-08-05,2
review870,351,-3,1,2017-07-11,2
review871,321,-1,1,2017-07-09,2
review872,191,-2,2,2017-05-29,2
review873,271,-3,1,2017-06-19,2
review874,248,-2,3,2017-07-05,1
review875,263,-2,1,2017-05-20,2
review876,502,-5,3,2017-04-20,1
review877,198,-3,3,2017-08-14,1
review878,486,-3,3,2017-08-16,5
review879,439,-4,2,2017-04-14,1
review880,293,-1,2,2017-04-28,4
review881,161,-2,2,2017-06-06,2
review882,337,-3,2,2017-04-22,4
review883,163,-1,2,2017-08-11,1
review884,314,-3,1,2017-08-11,1
review885,148,-2,3,2017-06-26,4
review886,229,-2,3,2017-05-31,4
review887,332,-2,3,2017-07-08,1
review888,277,-1,1,2017-06-01,4
review889,293,-2,1,2017-07-23,1
review890,243,-2,1,2017-08-03,4
review891,297,-1,1,2017-05-21,3
review892,289,-3,3,2017-04-29,2
review893,161,-1,1,2017-07-11,3
review894,180,-1,1,2017-07-26,1
review895,164,-2,1,2017-06-24,2
review896,499,-2,3,2017-06-22,3
review897,206,-2,1,2017-06-14,3
review898,333,-3,2,2017-07-21,1
review899,606,-3,2,2017-05-13,1
review900,281,-1,2,2017-07-11,1
review901,212,-4,2,2017-07-18,2
review902,194,-2,1,2017-05-19,1
review903,182,-4,3,2017-05-11,3
review904,223,-1,1,2017-04-17,1
review905,341,-3,1,2017-05-27,1
review906,212,-3,2,2017-04-16,1
review907,245,-3,3,2017-04-22,2
review908,285,-1,3,2017-06-28,2
review909,190,-2,1,2017-07-16,1
review910,222,-4,3,2017-07-22,3
review911,440,-2,2,2017-07-16,1
review912,508,-3,3,2017-07-08,3
review913,491,-3,3,2017-08-05,1
review914,234,-3,3,2017-05-02,1
review915,348,-2,2,2017-06-23,4
review916,585,-3,3,2017-06-25,3
review917,202,-2,1,2017-06-04,2
review918,315,-2,2,2017-06-04,4
review919,247,-3,3,2017-05-01,2
review920,213,-1,3,2017-06-24,1
review921,180,-1,2,2017-07-04,3
review922,549,-1,3,2017-05-22,1
review923,163,-1,2,2017-08-11,1
review924,145,-3,1,2017-08-15,1
review925,223,-2,3,2017-05-02,4
review926,153,-1,1,2017-05-27,1
review927,203,-1,3,2017-08-04,4
review928,259,-3,2,2017-07-08,2
review929,361,-2,2,2017-08-12,1
review930,229,-4,1,2017-07-16,2
review931,276,-3,2,2017-08-12,1
review932,147,-4,2,2017-05-12,2
review933,414,-3,2,2017-05-20,2
review934,313,-2,2,2017-07-09,2
review935,177,-1,1,2017-06-22,1
review936,258,-2,2,2017-05-13,2
review937,458,-2,2,2017-06-16,1
review938,760,-2,2,2017-05-30,1
review939,196,-1,1,2017-04-17,3
review940,306,-2,1,2017-08-04,1
review941,432,-3,3,2017-06-20,2
review942,263,-3,1,2017-05-27,2
review943,212,-4,2,2017-07-18,2
review944,460,-3,2,2017-06-11,1
review945,339,-4,3,2017-06-24,1
review946,354,-4,3,2017-07-26,1
review947,188,-1,3,2017-05-22,3
review948,221,-4,1,2017-08-05,1
review949,509,-2,3,2017-07-04,4
review950,197,-1,1,2017-04-21,2
review951,306,-3,2,2017-07-08,1
review952,139,-3,1,2017-05-01,1
review953,166,-2,1,2017-06-18,1
review954,201,-3,3,2017-08-08,1
review955,313,-2,3,2017-07-22,1
review956,174,-3,1,2017-05-15,2
review957,332,-2,2,2017-07-29,3
review958,468,-4,2,2017-04-21,1
review959,177,-2,3,2017-06-02,4
review960,169,-3,1,2017-08-07,2
review961,172,-1,3,2017-07-11,1
review962,327,-2,3,2017-07-13,1
review963,197,-1,3,2017-05-05,4
review964,463,-2,3,2017-05-07,1
review965,136,-4,1,2017-06-05,1
review966,207,-1,2,2017-05-09,1
review967,128,-2,1,2017-08-05,2
review968,257,-1,1,2017-05-26,3
review969,156,-1,1,2017-06-06,2
review970,153,-4,1,2017-07-15,3
review971,134,-3,1,2017-07-11,2
review972,172,-3,1,2017-05-03,1
review973,90,-4,3,2017-06-13,1
review974,247,-2,2,2017-06-10,5
review975,287,-2,3,2017-04-22,5
review976,216,-2,1,2017-07-26,4
review977,131,-2,2,2017-04-26,1
review978,465,-2,3,2017-04-30,1
review979,174,-1,1,2017-04-18,1
review980,191,-3,1,2017-06-14,3
review981,250,-4,3,2017-08-12,2
review982,197,-1,2,2017-07-03,1
review983,603,-4,4,2017-04-28,4
review984,963,-4,3,2017-07-25,5
review985,211,-4,2,2017-06-26,3
review986,509,-2,3,2017-07-04,4
review987,209,-3,3,2017-06-21,1
review988,169,-3,3,2017-05-01,1
review989,286,-2,4,2017-06-12,5
review990,320,-2,1,2017-06-12,1
review991,218,-3,3,2017-08-03,1
review992,127,-1,1,2017-05-09,4
review993,160,-2,2,2017-05-08,2
review994,245,-2,2,2017-05-09,1
review995,126,-3,2,2017-06-03,1
review996,431,-2,2,2017-07-20,4
review997,332,-2,2,2017-07-29,3
review998,137,-2,2,2017-06-25,1
review999,172,-2,3,2017-07-04,4
review1000,121,-3,1,2017-04-30,3
review1001,274,-4,3,2017-07-31,1
review1002,296,-2,3,2017-06-29,3
review1003,108,-3,1,2017-08-12,1
review1004,136,-4,1,2017-06-05,1
review1005,401,-4,2,2017-07-23,1
review1006,268,-3,1,2017-07-20,1
review1007,512,-3,1,2017-07-17,1
review1008,174,-2,3,2017-08-07,1
review1009,133,-2,1,2017-07-24,1
review1010,186,-1,2,2017-07-04,3
review1011,131,-4,3,2017-06-22,3
review1012,207,-1,1,2017-04-25,1
review1013,139,-1,1,2017-05-19,1
review1014,125,-4,1,2017-07-30,1
review1015,376,-2,3,2017-05-12,5
review1016,191,-1,1,2017-08-01,2
review1017,99,-1,1,2017-07-14,1
review1018,185,-4,2,2017-04-14,1
review1019,177,-2,2,2017-07-24,5
review1020,175,-4,2,2017-05-15,1
review1021,126,-4,2,2017-05-16,2
review1022,193,-2,1,2017-05-12,2
review1023,236,-3,3,2017-05-29,1
review1024,142,-4,1,2017-04-17,1
review1025,192,-3,2,2017-05-07,4
review1026,111,-3,1,2017-04-30,2
review1027,217,-2,2,2017-05-08,2
review1028,190,-4,3,2017-05-18,3
review1029,226,-1,2,2017-04-28,2
review1030,226,-3,4,2017-06-17,2
review1031,292,-4,2,2017-06-06,2
review1032,88,-1,1,2017-05-04,1
review1033,123,-2,3,2017-06-10,4
review1034,238,-3,3,2017-06-30,4
review1035,249,-1,2,2017-04-18,2
review1036,245,-2,2,2017-05-09,1
review1037,240,-1,3,2017-04-20,3
review1038,208,-3,3,2017-07-10,1
review1039,175,-1,2,2017-06-15,4
review1040,219,-3,1,2017-05-17,1
review1041,315,-3,3,2017-08-07,1
review1042,155,-2,3,2017-05-19,5
review1043,109,-1,3,2017-05-26,2
review1044,144,-1,1,2017-05-16,4
review1045,199,-2,2,2017-06-06,1
review1046,296,-4,1,2017-05-25,1
review1047,92,-2,1,2017-05-07,3
review1048,91,-2,1,2017-08-11,1
review1049,691,-3,2,2017-04-28,2
review1050,147,-4,2,2017-07-10,1
review1051,529,-2,3,2017-07-13,1
review1052,121,-3,1,2017-06-03,1
review1053,1106,-5,2,2017-05-30,1
review1054,343,-2,1,2017-07-20,1
review1055,135,-3,2,2017-04-17,5
review1056,158,-4,3,2017-07-18,1
review1057,517,-3,2,2017-08-01,2
review1058,97,-4,1,2017-06-10,1
review1059,146,-2,1,2017-07-15,3
review1060,184,-3,1,2017-05-07,1
review1061,185,-4,2,2017-04-14,1
review1062,239,-2,2,2017-06-03,1
review1063,171,-2,3,2017-06-02,5
review1064,161,-2,3,2017-06-16,1
review1065,224,-2,1,2017-04-30,1
review1066,155,-2,3,2017-05-09,4
review1067,150,-2,1,2017-04-17,1
review1068,80,-4,2,2017-04-21,1
review1069,774,-4,2,2017-04-14,2
review1070,201,-1,1,2017-05-20,2
review1071,226,-1,2,2017-04-28,2
review1072,638,-2,2,2017-04-15,3
review1073,437,-3,3,2017-05-13,2
review1074,109,-2,1,2017-08-10,2
review1075,88,-1,1,2017-05-04,1
review1076,484,-4,2,2017-08-14,1
review1077,729,-2,3,2017-08-13,3
review1078,177,-3,1,2017-06-06,2
review1079,116,-4,1,2017-07-23,1
review1080,355,-2,1,2017-07-27,3
review1081,121,-1,2,2017-07-27,1
review1082,398,-1,2,2017-06-26,5
review1083,671,-3,1,2017-05-13,2
review1084,196,-2,3,2017-04-21,1
review1085,279,-2,2,2017-04-19,1
review1086,179,-2,2,2017-04-17,1
review1087,92,-2,1,2017-05-07,3
review1088,178,-4,2,2017-06-06,3
review1089,220,-2,3,2017-07-11,5
review1090,90,-1,1,2017-08-04,1
review1091,83,-4,3,2017-06-15,2
review1092,248,-3,1,2017-05-31,1
review1093,147,-5,1,2017-06-13,1
review1094,123,-1,3,2017-06-17,2
review1095,209,-1,1,2017-06-15,2
review1096,176,-3,2,2017-05-22,2
review1097,73,-3,1,2017-07-24,2
review1098,232,-4,1,2017-07-31,2
review1099,332,-2,1,2017-07-09,2
review1100,248,-1,2,2017-07-13,2
review1101,129,-2,1,2017-06-06,4
review1102,281,-2,2,2017-05-28,4
review1103,155,-2,3,2017-05-09,4
review1104,118,-3,2,2017-05-29,1
review1105,377,-3,2,2017-04-22,1
review1106,163,-2,4,2017-07-23,4
review1107,168,-4,1,2017-05-18,1
review1108,127,-3,1,2017-04-28,4
review1109,264,-4,1,2017-05-25,1
review1110,292,-2,3,2017-07-24,3
review1111,86,-2,1,2017-08-05,1
review1112,112,-3,2,2017-05-22,1
review1113,180,-3,2,2017-05-18,1
review1114,285,-3,1,2017-05-20,1
review1115,178,-1,3,2017-04-15,3
review1116,139,-2,1,2017-07-05,2
review1117,149,-3,1,2017-05-20,1
review1118,114,-4,1,2017-06-08,2
review1119,593,-4,3,2017-06-10,1
review1120,197,-3,2,2017-07-31,1
review1121,169,-1,1,2017-07-16,1
review1122,606,-3,2,2017-08-10,4
review1123,200,-4,3,2017-04-17,2
review1124,130,-3,3,2017-06-27,1
review1125,68,-1,1,2017-05-16,1
review1126,122,-2,3,2017-06-04,3
review1127,132,-1,1,2017-04-23,3
review1128,700,-3,3,2017-04-16,1
review1129,139,-1,2,2017-05-29,3
review1130,173,-2,4,2017-07-05,3
review1131,144,-2,2,2017-07-30,4
review1132,157,-2,2,2017-05-16,3
review1133,109,-1,3,2017-07-30,2
review1134,829,-2,3,2017-08-04,5
review1135,42,-2,1,2017-08-01,1
review1136,162,-2,3,2017-07-06,1
review1137,196,-4,1,2017-06-28,1
review1138,862,-2,3,2017-04-24,1
review1139,93,-2,1,2017-08-12,4
review1140,145,-1,1,2017-04-23,1
review1141,199,-2,3,2017-07-05,1
review1142,145,-4,2,2017-04-24,1
review1143,221,-3,1,2017-06-06,1
review1144,145,-4,1,2017-07-04,1
review1145,369,-3,1,2017-05-29,1
review1146,84,-2,2,2017-05-16,2
review1147,96,-1,2,2017-06-17,5
review1148,127,-2,2,2017-05-30,1
review1149,93,-2,1,2017-08-10,1
review1150,85,-1,1,2017-07-24,1
review1151,292,-2,3,2017-07-24,3
review1152,138,-3,1,2017-07-27,1
review1153,495,-1,2,2017-06-25,3
review1154,296,-3,3,2017-08-14,5
review1155,159,-3,2,2017-07-26,1
review1156,207,-1,3,2017-07-06,5
review1157,484,-3,2,2017-05-16,2
review1158,149,-3,1,2017-05-20,1
review1159,124,-3,2,2017-07-04,1
review1160,120,-1,1,2017-06-15,3
review1161,468,-2,3,2017-07-10,5
review1162,201,-1,1,2017-05-08,1
review1163,189,-3,2,2017-05-04,3
review1164,109,-1,3,2017-08-04,3
review1165,103,-3,4,2017-07-14,2
review1166,105,-4,1,2017-04-29,1
review1167,223,-1,3,2017-05-30,5
review1168,175,-1,3,2017-04-19,4
review1169,489,-3,2,2017-08-07,2
review1170,829,-2,3,2017-08-04,5
review1171,100,-2,2,2017-04-14,1
review1172,238,-4,1,2017-06-22,2
review1173,115,-2,2,2017-07-16,3
review1174,418,-3,3,2017-07-15,4
review1175,81,-2,1,2017-08-08,4
review1176,272,-3,2,2017-04-24,5
review1177,176,-2,1,2017-06-21,1
review1178,76,-4,3,2017-06-19,1
review1179,150,-2,1,2017-04-14,1
review1180,166,-1,1,2017-07-19,1
review1181,133,-4,1,2017-05-19,1
review1182,314,-3,2,2017-07-30,1
review1183,73,-4,2,2017-06-06,1
review1184,637,-2,3,2017-07-17,1
review1185,190,-1,1,2017-04-22,3
review1186,314,-3,2,2017-05-07,1
review1187,112,-3,3,2017-08-15,4
review1188,214,-2,2,2017-04-18,1
review1189,179,-3,1,2017-07-13,1
review1190,179,-3,1,2017-04-16,1
review1191,139,-3,1,2017-06-09,1
review1192,112,-1,1,2017-06-27,1
review1193,233,-1,1,2017-04-24,2
review1194,301,-1,3,2017-07-18,5
review1195,1065,-3,2,2017-07-05,1
review1196,242,-1,3,2017-04-22,1
review1197,207,-1,3,2017-07-06,5
review1198,76,-4,1,2017-05-31,1
review1199,263,-1,2,2017-04-17,3
review1200,134,-3,2,2017-05-07,1
review1201,165,-1,2,2017-08-03,2
review1202,222,-1,2,2017-04-25,4
review1203,223,-2,3,2017-06-22,1
review1204,148,-3,4,2017-07-29,2
review1205,168,-2,1,2017-06-05,4
review1206,181,-4,2,2017-04-27,1
review1207,219,-4,1,2017-07-18,1
review1208,211,-2,1,2017-08-08,4
review1209,87,-2,3,2017-07-19,5
review1210,215,-2,1,2017-08-09,2
review1211,206,-1,1,2017-07-09,1
review1212,221,-2,1,2017-04-15,1
review1213,144,-1,1,2017-07-15,1
review1214,212,-2,1,2017-08-16,3
review1215,178,-3,1,2017-05-08,1
review1216,180,-2,2,2017-07-30,2
review1217,225,-2,3,2017-07-06,3
review1218,228,-4,3,2017-04-22,3
review1219,176,-4,1,2017-08-13,1
review1220,165,-1,1,2017-06-18,3
review1221,198,-1,1,2017-07-22,3
review1222,228,-2,1,2017-06-27,2
review1223,167,-1,3,2017-05-12,3
review1224,153,-4,1,2017-04-16,2
review1225,213,-5,1,2017-07-16,1
review1226,288,-5,1,2017-07-24,1
review1227,192,-3,1,2017-04-17,3
review1228,257,-1,3,2017-05-31,1
review1229,211,-1,2,2017-06-11,1
review1230,209,-2,1,2017-07-23,3
review1231,188,-1,1,2017-05-11,1
review1232,140,-1,3,2017-04-25,3
review1233,193,-4,1,2017-05-20,1
review1234,146,-2,1,2017-07-02,1
review1235,185,-2,1,2017-07-17,1
review1236,335,-4,1,2017-04-25,1
review1237,183,-4,1,2017-06-29,1
review1238,125,-1,3,2017-05-27,3
review1239,138,-4,2,2017-07-23,2
review1240,78,-2,1,2017-07-28,2
review1241,148,-3,4,2017-07-29,2
review1242,144,-2,1,2017-07-13,2
review1243,204,-4,2,2017-07-29,1
review1244,149,-1,1,2017-05-15,4
review1245,211,-2,1,2017-08-08,4
review1246,157,-2,1,2017-06-27,2
review1247,135,-4,1,2017-05-14,1
review1248,147,-1,2,2017-07-16,5
review1249,129,-4,1,2017-05-01,2
review1250,129,-3,1,2017-07-21,2
review1251,100,-3,2,2017-07-26,1
review1252,183,-3,2,2017-07-04,3
review1253,150,-3,1,2017-04-23,1
review1254,133,-2,1,2017-06-20,1
review1255,144,-3,1,2017-06-14,2
review1256,142,-2,1,2017-07-30,1
review1257,144,-2,2,2017-08-11,2
review1258,120,-4,2,2017-05-09,3
review1259,112,-2,1,2017-06-09,1
review1260,156,-4,1,2017-04-21,4
review1261,182,-4,1,2017-05-20,3
review1262,145,-2,1,2017-07-13,4
review1263,129,-2,2,2017-06-02,4
review1264,276,-1,3,2017-07-04,4
review1265,247,-3,2,2017-06-06,1
review1266,179,-2,2,2017-05-01,4
review1267,193,-4,1,2017-05-20,1
review1268,203,-2,2,2017-05-02,4
review1269,392,-4,2,2017-07-13,1
review1270,152,-1,2,2017-06-15,2
review1271,112,-3,1,2017-05-11,1
review1272,129,-3,3,2017-04-15,1
review1273,157,-2,1,2017-06-07,1
review1274,125,-3,1,2017-04-19,1
review1275,126,-1,1,2017-04-28,2
review1276,140,-2,3,2017-06-08,5
review1277,225,-1,2,2017-07-25,4
review1278,123,-2,1,2017-06-06,3
review1279,118,-3,1,2017-06-28,2
review1280,162,-1,2,2017-04-20,2
review1281,101,-4,1,2017-04-25,2
review1282,87,-1,3,2017-05-15,4
review1283,204,-1,3,2017-07-23,5
review1284,426,-4,2,2017-06-04,2
review1285,108,-2,2,2017-08-13,1
review1286,32,-2,1,2017-06-18,2
review1287,61,-5,3,2017-08-13,2
review1288,100,-2,1,2017-08-14,1
review1289,86,-1,3,2017-05-10,4
review1290,217,-3,2,2017-07-20,1
review1291,91,-2,1,2017-07-08,1
review1292,135,-1,2,2017-05-02,1
review1293,126,-4,1,2017-05-16,1
review1294,122,-2,1,2017-05-30,1
review1295,99,-2,2,2017-08-08,3
review1296,134,-2,1,2017-05-13,2
review1297,101,-2,2,2017-06-26,1
review1298,108,-1,1,2017-06-14,1
review1299,71,-4,2,2017-06-19,1
review1300,114,-2,1,2017-04-22,2
review1301,89,-2,1,2017-07-01,1
review1302,164,-4,2,2017-05-26,5
review1303,293,-2,2,2017-08-02,1
review1304,91,-1,1,2017-08-10,2
review1305,122,-2,1,2017-08-12,2
review1306,231,-1,2,2017-04-29,4
review1307,247,-2,3,2017-08-07,5
review1308,117,-2,2,2017-07-30,2
review1309,127,-3,2,2017-06-07,2
review1310,117,-2,1,2017-07-15,2
review1311,81,-3,1,2017-05-18,2
review1312,97,-1,3,2017-06-18,1
review1313,118,-3,2,2017-07-17,3
review1314,137,-3,1,2017-04-27,1
review1315,88,-4,1,2017-06-29,1
review1316,290,-2,3,2017-08-07,5
review1317,230,-3,2,2017-08-14,1
review1318,139,-3,1,2017-06-19,1
review1319,147,-1,3,2017-06-22,4
review1320,191,-2,1,2017-05-12,3
review1321,175,-1,3,2017-08-05,5
review1322,157,-1,2,2017-07-05,4
review1323,1393,-3,2,2017-07-14,1
review1324,184,-2,3,2017-07-16,4
review1325,130,-1,1,2017-05-02,3
review1326,179,-1,1,2017-05-11,2
review1327,62,-2,1,2017-08-07,2
review1328,81,-1,1,2017-04-17,3
review1329,125,-3,1,2017-07-07,1
review1330,95,-4,1,2017-07-13,1
review1331,91,-1,1,2017-06-04,1
review1332,87,-4,1,2017-04-19,4
review1333,80,-2,1,2017-05-24,1
review1334,117,-4,1,2017-05-16,1
review1335,70,-1,1,2017-06-10,1
review1336,63,-1,2,2017-06-04,3
review1337,126,-1,2,2017-04-26,3
review1338,86,-1,1,2017-04-19,2
review1339,99,-2,2,2017-08-08,3
review1340,101,-4,1,2017-07-30,2
review1341,164,-4,2,2017-05-26,5
review1342,91,-1,1,2017-08-10,2
review1343,93,-2,1,2017-05-21,1
review1344,96,-2,1,2017-05-02,4
review1345,108,-1,2,2017-08-09,1
review1346,80,-2,1,2017-04-18,1
review1347,124,-3,1,2017-05-29,2
review1348,81,-3,1,2017-05-18,2
review1349,92,-5,1,2017-05-26,1
review1350,73,-1,1,2017-06-18,4
review1351,68,-1,1,2017-07-17,3
review1352,374,-2,2,2017-05-06,2
review1353,170,-2,1,2017-08-15,3
review1354,168,-2,1,2017-05-11,2
review1355,109,-4,2,2017-05-09,1
review1356,89,-2,2,2017-06-06,2
review1357,91,-3,1,2017-05-11,4
review1358,107,-3,1,2017-04-21,1
review1359,88,-2,1,2017-06-11,2
review1360,82,-3,1,2017-10-14,1
review1361,75,-4,1,2017-08-10,1
review1362,106,-4,1,2017-08-03,1
review1363,77,-4,1,2017-04-30,3
review1364,102,-4,1,2017-07-25,1
review1365,93,-1,1,2017-05-26,1
review1366,63,-1,3,2017-07-27,1
review1367,237,-2,3,2017-06-27,4
review1368,75,-1,2,2017-07-11,3
review1369,98,-4,2,2017-08-08,1
review1370,78,-2,1,2017-07-21,1
review1371,74,-1,1,2017-04-29,1
review1372,78,-3,1,2017-04-15,1
review1373,149,-1,2,2017-06-22,1
review1374,95,-3,1,2017-07-19,2
review1375,69,-3,1,2017-06-11,1
review1376,94,-4,1,2017-07-29,1
review1377,87,-3,2,2017-06-30,2
review1378,84,-3,1,2017-08-16,1
review1379,176,-2,2,2017-05-02,2
review1380,93,-2,1,2017-05-23,3
review1381,151,-1,3,2017-07-01,4
review1382,112,-3,1,2017-06-15,2
review1383,195,-1,2,2017-06-30,5
review1384,76,-2,1,2017-05-18,3
review1385,106,-2,1,2017-08-13,1
review1386,66,-1,1,2017-05-04,1
review1387,88,-1,1,2017-04-19,1
review1388,126,-1,1,2017-04-15,4
review1389,87,-2,1,2017-07-23,1
review1390,136,-1,2,2017-06-30,1
review1391,95,-2,1,2017-06-12,2
review1392,99,-3,1,2017-07-31,3
review1393,126,-2,3,2017-07-30,2
review1394,64,-4,1,2017-04-20,1
review1395,83,-3,2,2017-07-15,3
review1396,109,-4,2,2017-05-09,1
review1397,145,-1,2,2017-06-21,4
review1398,77,-4,1,2017-06-06,1
review1399,91,-3,1,2017-04-23,1
review1400,152,-1,2,2017-06-14,3
review1401,55,-1,1,2017-05-23,2
review1402,98,-1,1,2017-07-30,5
review1403,57,-2,1,2017-05-04,5
review1404,60,-3,1,2017-04-24,1
review1405,68,-1,1,2017-04-21,5
review1406,51,-2,1,2017-07-30,1
review1407,67,-1,1,2017-07-01,3
review1408,68,-1,1,2017-05-16,3
review1409,149,-1,2,2017-06-22,1
review1410,123,-1,1,2017-08-13,1
review1411,96,-3,1,2017-04-23,1
review1412,151,-1,1,2017-05-28,1
review1413,137,-1,3,2017-07-07,3
review1414,88,-4,2,2017-08-10,1
review1415,62,-2,1,2017-07-30,1
review1416,73,-4,1,2017-05-22,1
review1417,58,-1,1,2017-06-07,1
review1418,46,-1,3,2017-04-26,4
review1419,1049,-4,2,2017-05-25,1
review1420,59,-4,1,2017-07-07,1
review1421,60,-2,1,2017-08-11,1
review1422,59,-3,1,2017-04-26,1
review1423,60,-4,2,2017-05-14,1
review1424,100,-1,1,2017-06-17,4
review1425,63,-2,1,2017-04-26,1
review1426,173,-1,3,2017-05-09,5
review1427,76,-4,1,2017-05-14,1
review1428,59,-2,1,2017-07-17,2
review1429,79,-2,2,2017-06-09,1
review1430,183,-2,2,2017-08-17,5
review1431,68,-3,2,2017-08-05,3
review1432,165,-1,2,2017-08-03,2
review1433,77,-3,2,2017-05-04,2
review1434,152,-1,1,2017-05-18,2
review1435,64,-4,1,2017-04-20,1
review1436,83,-3,2,2017-07-15,3
review1437,63,-2,1,2017-07-19,5
review1438,127,-2,2,2017-06-25,4
review1439,150,-2,3,2017-04-23,1
review1440,41,-3,1,2017-08-11,3
review1441,181,-1,1,2017-07-14,1
review1442,62,-2,1,2017-06-18,1
review1443,73,-1,1,2017-06-09,2
review1444,58,-1,1,2017-07-17,4
review1445,49,-3,1,2017-08-06,1
review1446,43,-2,1,2017-07-27,3
review1447,198,-1,1,2017-08-09,2
review1448,38,-3,2,2017-08-12,4
review1449,86,-1,3,2017-04-15,3
review1450,151,-1,2,2017-04-23,2
review1451,49,-1,1,2017-05-23,1
review1452,90,-2,1,2017-08-10,1
review1453,42,-2,1,2017-06-04,1
review1454,101,-1,2,2017-06-12,4
review1455,38,-4,1,2017-05-24,1
review1456,68,-2,1,2017-08-03,1
review1457,65,-2,1,2017-05-10,3
review1458,56,-1,1,2017-06-13,3
review1459,60,-1,1,2017-06-12,1
review1460,126,-2,1,2017-06-11,2
review1461,67,-1,1,2017-04-15,4
review1462,49,-1,1,2017-05-26,1
review1463,53,-2,1,2017-07-04,2
review1464,59,-2,1,2017-08-11,1
review1465,65,-2,1,2017-06-17,1
review1466,143,-2,1,2017-06-23,1
review1467,98,-2,2,2017-04-14,4
review1468,183,-2,2,2017-08-17,5
review1469,57,-1,1,2017-06-16,3
review1470,46,-1,1,2017-06-27,2
review1471,58,-2,1,2017-06-28,3
review1472,71,-3,1,2017-06-23,1
review1473,130,-2,1,2017-05-21,3
review1474,164,-2,1,2017-07-02,3
review1475,44,-1,2,2017-06-23,4
review1476,90,-3,1,2017-07-12,1
review1477,57,-1,1,2017-04-22,4
review1478,123,-2,1,2017-06-30,2
review1479,111,-1,1,2017-08-06,3
review1480,53,-1,1,2017-06-06,3
review1481,116,-3,1,2017-08-01,3
review1482,47,-1,1,2017-05-10,1
review1483,41,-4,1,2017-05-28,1
review1484,57,-3,1,2017-05-01,1
review1485,42,-4,2,2017-05-31,1
review1486,103,-1,3,2017-06-18,5
review1487,168,-3,3,2017-07-12,3
review1488,120,-2,3,2017-07-29,5
review1489,57,-2,1,2017-04-30,1
review1490,40,-3,1,2017-05-17,1
review1491,161,-1,3,2017-08-15,5
review1492,48,-1,1,2017-05-18,1
review1493,66,-1,1,2017-05-27,2
review1494,149,-1,1,2017-07-19,3
review1495,44,-3,1,2017-07-31,1
review1496,38,-4,1,2017-05-24,1
review1497,45,-1,1,2017-05-28,3
review1498,45,-2,1,2017-06-24,1
review1499,41,-2,1,2017-04-19,1
review1500,41,-1,1,2017-04-23,1
review1501,41,-1,1,2017-07-04,2
review1502,54,-1,1,2017-06-08,2
review1503,120,-1,2,2017-07-21,3
review1504,66,-2,1,2017-08-04,1
review1505,40,-2,1,2017-05-07,2
review1506,105,-2,1,2017-06-04,2
review1507,136,-1,3,2017-07-31,5
review1508,137,-1,1,2017-07-21,4
review1509,93,-3,2,2017-05-23,2
review1510,38,-1,1,2017-06-21,1
review1511,130,-2,1,2017-05-21,3
review1512,129,-2,3,2017-04-27,2
review1513,49,-1,1,2017-05-28,4
review1514,90,-3,1,2017-07-12,1
review1515,57,-1,1,2017-04-22,4
review1516,130,-3,1,2017-07-22,1
review1517,42,-1,2,2017-07-06,1
review1518,123,-2,1,2017-06-30,2
review1519,44,-1,1,2017-08-01,3
review1520,65,-1,1,2017-04-15,2
review1521,116,-3,1,2017-08-01,3
review1522,33,-1,1,2017-05-04,1
review1523,67,-1,2,2017-04-22,2
review1524,47,-3,1,2017-06-11,1
review1525,40,-3,1,2017-05-17,1
review1526,36,-1,1,2017-04-29,1
review1527,145,-1,3,2017-04-20,5
review1528,34,-4,1,2017-08-14,3
review1529,40,-2,1,2017-07-08,3
review1530,63,-2,1,2017-08-01,2
review1531,109,-3,2,2017-04-30,4
review1532,32,-2,1,2017-04-17,2
review1533,51,-4,1,2017-06-25,1
review1534,86,-1,2,2017-08-05,1
review1535,115,-1,1,2017-07-10,4
review1536,33,-1,1,2017-05-12,4
review1537,87,-1,5,2017-05-28,5
review1538,40,-2,1,2017-05-07,2
review1539,105,-2,1,2017-06-04,2
review1540,25,-1,1,2017-06-07,1
review1541,109,-1,3,2017-08-03,5
review1542,41,-1,1,2017-07-01,4
review1543,137,-1,1,2017-07-21,4
review1544,125,-1,2,2017-07-14,5
review1545,71,-1,3,2017-07-16,4
review1546,36,-1,1,2017-04-22,2
review1547,104,-4,1,2017-07-23,1
review1548,44,-4,1,2017-05-07,1
review1549,38,-1,1,2017-06-21,1
review1550,50,-4,2,2017-08-14,2
review1551,47,-2,1,2017-06-16,1
review1552,123,-1,4,2017-08-04,5
review1553,116,-1,1,2017-07-24,5
review1554,41,-1,1,2017-08-09,2
review1555,47,-1,1,2017-05-21,2
review1556,168,-1,1,2017-06-10,2
review1557,45,-1,2,2017-04-19,3
review1558,31,-1,1,2017-04-24,1
review1559,122,-1,2,2017-07-12,3
review1560,44,-2,1,2017-07-26,1
review1561,34,-3,1,2017-05-20,1
review1562,27,-1,1,2017-06-07,1
review1563,65,-1,1,2017-04-15,2
review1564,72,-2,1,2017-05-29,3
review1565,47,-3,1,2017-06-11,1
review1566,111,-4,3,2017-05-15,1
review1567,33,-1,1,2017-04-24,2
review1568,94,-1,2,2017-05-20,1
review1569,130,-1,1,2017-07-06,2
review1570,75,-1,3,2017-05-03,3
review1571,42,-5,1,2017-07-12,2
review1572,131,-2,1,2017-04-29,2
review1573,95,-1,1,2017-04-29,2
review1574,32,-2,1,2017-04-17,2
review1575,22,-1,1,2017-07-01,1
review1576,33,-1,1,2017-05-12,4
review1577,82,-1,2,2017-05-18,5
review1578,95,-1,1,2017-06-05,1
review1579,95,-1,3,2017-04-23,4
review1580,28,-3,1,2017-08-04,2
review1581,118,-1,3,2017-05-07,5
review1582,77,-2,2,2017-05-30,1
review1583,109,-1,2,2017-08-05,2
review1584,33,-1,1,2017-06-28,3
review1585,109,-1,3,2017-08-03,5
review1586,27,-1,1,2017-06-18,1
review1587,28,-3,1,2017-06-13,2
review1588,113,-1,2,2017-05-24,2
review1589,44,-4,1,2017-05-07,1
review1590,138,-1,2,2017-07-11,4
review1591,35,-1,1,2017-05-23,1
review1592,47,-2,1,2017-06-16,1
review1593,29,-1,1,2017-07-06,2
review1594,114,-1,3,2017-05-21,5
review1595,113,-2,3,2017-06-08,5
review1596,14,-1,2,2017-07-01,4
review1597,111,-1,2,2017-05-19,4
review1598,45,-1,2,2017-04-19,3
review1599,54,-1,3,2017-05-25,2
review1600,61,-1,1,2017-07-22,5
review1601,22,-1,1,2017-06-15,2
review1602,74,-1,1,2017-07-13,1
review1603,85,-2,1,2017-05-18,4
review1604,90,-1,1,2017-08-14,3
review1605,32,-1,1,2017-07-26,1
review1606,96,-1,1,2017-07-12,1
review1607,21,-2,1,2017-07-03,3
review1608,21,-1,1,2017-04-29,1
review1609,92,-1,2,2017-07-01,4
review1610,115,-1,4,2017-08-13,5
review1611,82,-1,2,2017-06-28,5
review1612,25,-3,1,2017-05-27,1
review1613,99,-3,2,2017-04-27,1
review1614,28,-4,1,2017-07-15,1
review1615,45,-2,2,2017-04-21,1
review1616,140,-1,1,2017-06-14,3
review1617,90,-1,2,2017-04-29,3
review1618,28,-3,1,2017-08-04,2
review1619,109,-1,2,2017-04-17,4
review1620,90,-1,1,2017-04-22,4
review1621,99,-1,4,2017-05-25,2
review1622,99,-1,5,2017-05-15,5
review1623,41,-1,1,2017-05-16,2
review1624,79,-1,1,2017-08-10,1
review1625,101,-1,1,2017-05-13,3
review1626,80,-3,1,2017-06-30,1
review1627,50,-1,3,2017-05-20,1
review1628,20,-1,1,2017-04-15,1
review1629,103,-2,2,2017-06-27,5
review1630,85,-2,1,2017-07-05,3
review1631,54,-4,1,2017-05-29,1
review1632,112,-1,2,2017-06-02,2
review1633,71,-1,1,2017-05-13,1
review1634,36,-3,1,2017-06-28,1
review1635,39,-5,1,2017-06-16,1
review1636,93,-1,3,2017-05-24,5
review1637,80,-3,2,2017-07-01,5
review1638,35,-2,1,2017-05-08,3
review1639,27,-1,1,2017-05-02,1
review1640,124,-2,4,2017-07-25,5
review1641,97,-1,3,2017-04-21,4
review1642,34,-1,3,2017-07-04,1
review1643,39,-1,2,2017-06-06,1
review1644,114,-2,1,2017-05-24,1
review1645,26,-3,1,2017-07-29,1
review1646,79,-1,3,2017-05-29,4
review1647,80,-1,2,2017-06-29,4
review1648,18,-1,1,2017-07-03,2
review1649,96,-1,1,2017-07-12,1
review1650,85,-1,1,2017-06-29,5
review1651,23,-1,1,2017-07-15,1
review1652,37,-5,1,2017-05-07,1
review1653,95,-2,4,2017-04-15,2
review1654,82,-1,2,2017-06-28,5
review1655,102,-1,3,2017-07-05,5
review1656,54,-4,3,2017-06-28,1
review1657,26,-3,1,2017-04-22,1
review1658,29,-1,1,2017-04-26,3
review1659,110,-2,1,2017-05-26,3
review1660,97,-1,4,2017-05-29,5
review1661,63,-1,1,2017-05-05,4
review1662,65,-1,1,2017-07-06,1
review1663,85,-1,3,2017-05-03,5
review1664,99,-1,5,2017-05-15,5
review1665,31,-2,2,2017-06-17,2
review1666,23,-1,1,2017-04-25,3
review1667,86,-1,1,2017-05-25,5
review1668,61,-1,1,2017-06-22,4
review1669,86,-2,2,2017-06-26,1
review1670,103,-1,3,2017-08-05,4
review1671,27,-1,3,2017-04-20,1
review1672,75,-1,1,2017-07-20,2
review1673,98,-1,2,2017-05-16,4
review1674,66,-1,1,2017-07-18,5
review1675,117,-1,3,2017-06-01,5
review1676,68,-1,1,2017-04-25,4
review1677,70,-3,3,2017-04-17,2
review1678,27,-1,1,2017-07-09,2
review1679,106,-1,2,2017-08-01,2
review1680,77,-1,3,2017-06-10,4
review1681,51,-1,1,2017-07-19,4
review1682,27,-1,1,2017-05-07,4
review1683,106,-1,4,2017-07-16,5
review1684,28,-1,1,2017-05-10,3
review1685,71,-1,1,2017-04-23,1
review1686,136,-1,1,2017-05-16,3
review1687,63,-1,1,2017-06-21,4
review1688,86,-1,3,2017-05-09,4
review1689,65,-1,1,2017-09-10,2
review1690,88,-1,1,2017-05-02,2
review1691,26,-3,1,2017-07-25,1
review1692,52,-2,2,2017-07-21,4
review1693,65,-2,3,2017-05-17,4
review1694,37,-5,1,2017-05-07,1
review1695,20,-1,1,2017-06-09,1
review1696,26,-3,1,2017-04-22,1
review1697,14,-1,1,2017-06-02,1
review1698,28,-1,1,2017-06-28,1
review1699,63,-1,1,2017-05-05,4
review1700,23,-3,1,2017-08-05,1
review1701,65,-1,1,2017-06-13,2
review1702,57,-1,2,2017-05-02,4
review1703,76,-1,1,2017-07-06,1
review1704,31,-1,1,2017-06-29,1
review1705,23,-1,1,2017-04-25,3
review1706,29,-2,1,2017-06-02,1
review1707,66,-1,1,2017-05-04,1
review1708,76,-1,1,2017-05-30,5
review1709,54,-1,1,2017-05-12,4
review1710,30,-1,1,2017-05-23,3
review1711,93,-1,2,2017-06-19,4
review1712,46,-2,1,2017-05-02,1
review1713,27,-1,3,2017-04-20,1
review1714,51,-1,1,2017-07-14,5
review1715,54,-1,1,2017-07-04,1
review1716,82,-1,2,2017-07-24,3
review1717,48,-1,1,2017-05-29,5
review1718,21,-1,1,2017-04-21,2
review1719,74,-1,3,2017-05-23,5
review1720,96,-1,2,2017-05-31,5
review1721,19,-1,1,2017-06-30,1
review1722,77,-1,3,2017-06-10,4
review1723,65,-1,3,2017-07-30,4
review1724,50,-1,1,2017-05-01,5
review1725,24,-1,1,2017-05-22,1
review1726,38,-1,1,2017-07-31,5
review1727,28,-1,1,2017-05-10,3
review1728,86,-1,3,2017-04-30,5
review1729,19,-1,1,2017-08-14,3
review1730,69,-1,2,2017-08-03,1
review1731,90,-1,3,2017-05-17,5
review1732,70,-1,3,2017-05-19,1
review1733,82,-1,3,2017-08-01,5
review1734,56,-1,1,2017-07-20,5
review1735,47,-1,1,2017-08-14,1
review1736,67,-2,1,2017-04-25,2
review1737,94,-1,3,2017-08-05,5
review1738,28,-1,1,2017-06-28,1
review1739,53,-1,1,2017-05-07,3
review1740,46,-2,3,2017-05-25,5
review1741,97,-1,2,2017-08-07,5
review1742,21,-2,1,2017-05-13,2
review1743,32,-1,1,2017-07-01,2
review1744,46,-1,1,2017-08-06,1
review1745,54,-1,1,2017-05-12,4
review1746,88,-1,3,2017-07-16,5
review1747,76,-2,1,2017-06-19,1
review1748,112,-1,1,2017-07-20,2
review1749,76,-1,2,2017-04-18,4
review1750,26,-2,1,2017-08-01,1
review1751,76,-1,1,2017-04-16,5
review1752,57,-1,1,2017-08-01,5
review1753,61,-2,1,2017-05-12,5
review1754,74,-1,2,2017-07-03,3
review1755,64,-1,2,2017-06-08,4
review1756,53,-1,2,2017-05-18,5
review1757,42,-1,1,2017-07-12,1
review1758,50,-1,2,2017-06-07,1
review1759,56,-1,3,2017-07-29,4
review1760,50,-1,1,2017-05-28,4
review1761,78,-1,2,2017-04-29,4
review1762,33,-1,1,2017-07-03,3
review1763,67,-1,1,2017-06-10,4
review1764,34,-1,1,2017-04-28,5
review1765,66,-2,1,2017-07-20,2
review1766,83,-1,1,2017-05-08,4
review1767,72,-2,2,2017-05-16,1
review1768,53,-2,2,2017-07-29,1
review1769,68,-2,1,2017-08-14,2
review1770,89,-1,2,2017-05-21,4
review1771,68,-2,3,2017-08-12,1
review1772,38,-1,1,2017-07-15,5
review1773,35,-1,1,2017-05-13,5
review1774,42,-1,1,2017-07-22,1
review1775,33,-1,1,2017-05-09,5
review1776,36,-1,1,2017-07-13,1
review1777,97,-1,3,2017-07-28,5
review1778,42,-1,1,2017-06-21,1
review1779,98,-1,4,2017-07-14,4
review1780,64,-2,3,2017-07-18,4
review1781,70,-1,3,2017-05-19,1
review1782,74,-1,1,2017-07-08,5
review1783,73,-1,2,2017-08-07,5
review1784,43,-1,1,2017-06-21,1
review1785,80,-1,3,2017-05-27,1
review1786,56,-1,3,2017-07-18,4
review1787,53,-1,1,2017-05-07,3
review1788,40,-1,1,2017-04-26,5
review1789,86,-1,1,2017-06-24,5
review1790,66,-1,2,2017-04-26,5
review1791,54,-1,1,2017-06-18,1
review1792,96,-2,3,2017-07-24,3
review1793,23,-1,1,2017-06-09,2
review1794,77,-2,1,2017-04-21,2
review1795,70,-1,3,2017-04-19,4
review1796,81,-1,3,2017-06-06,4
review1797,53,-1,1,2017-06-29,2
review1798,56,-1,1,2017-08-12,5
review1799,66,-2,1,2017-05-18,3
review1800,67,-1,2,2017-08-07,5
review1801,25,-2,1,2017-07-11,1
review1802,13,-1,1,2017-08-25,1
review1803,74,-1,2,2017-05-04,5
review1804,116,-1,3,2017-04-21,5
review1805,44,-1,2,2017-06-06,1
review1806,30,-1,1,2017-05-17,1
review1807,35,-1,1,2017-05-13,5
review1808,60,-1,2,2017-04-28,1
review1809,42,-1,1,2017-07-22,1
review1810,15,-1,1,2017-05-28,5
review1811,63,-1,4,2017-07-27,5
review1812,28,-2,1,2017-07-15,1
review1813,59,-1,2,2017-08-11,5
review1814,33,-1,1,2017-05-09,5
review1815,25,-1,2,2017-06-22,3
review1816,62,-1,3,2017-07-12,4
review1817,30,-1,1,2017-07-31,5
review1818,60,-1,1,2017-06-28,4
review1819,27,-1,1,2017-07-04,1
review1820,26,-2,1,2017-07-08,1
review1821,70,-1,1,2017-06-12,5
review1822,61,-1,3,2017-04-23,5
review1823,33,-1,1,2017-06-16,5
review1824,30,-1,1,2017-08-10,1
review1825,31,-1,1,2017-07-11,2
review1826,76,-1,3,2017-07-11,5
review1827,29,-1,1,2017-07-22,5
review1828,28,-1,1,2017-07-30,3
review1829,41,-1,1,2017-07-16,4
review1830,53,-1,1,2017-08-10,1
review1831,23,-1,1,2017-06-09,2
review1832,96,-1,3,2017-07-14,5
review1833,88,-1,2,2017-05-25,5
review1834,46,-1,1,2017-07-13,3
review1835,81,-1,3,2017-06-06,4
review1836,68,-1,1,2017-05-27,4
review1837,49,-1,1,2017-05-18,1
review1838,33,-1,1,2017-07-08,4
review1839,29,-1,1,2017-05-28,1
review1840,12,-1,1,2017-06-18,1
review1841,75,-1,3,2017-07-15,4
review1842,26,-1,1,2017-05-11,5
review1843,29,-1,2,2017-08-04,1
review1844,24,-1,1,2017-07-14,4
review1845,15,-1,1,2017-05-28,5
review1846,30,-1,1,2017-05-12,5
review1847,31,-1,2,2017-05-19,1
review1848,35,-2,1,2017-06-04,2
review1849,20,-1,1,2017-06-17,1
review1850,72,-1,3,2017-07-05,5
review1851,49,-1,3,2017-06-20,5
review1852,15,-1,2,2017-07-09,5
review1853,15,-3,1,2017-05-23,1
review1854,14,-1,1,2017-05-19,1
review1855,23,-3,1,2017-08-12,1
review1856,17,-2,1,2017-05-19,2
review1857,16,-1,1,2017-05-31,1
review1858,14,-1,1,2017-06-13,3
review1859,38,-2,1,2017-07-22,1
review1860,27,-1,1,2017-07-04,1
review1861,70,-1,2,2017-06-13,4
review1862,54,-1,3,2017-04-23,5
review1863,17,-2,1,2017-07-19,1
review1864,33,-1,1,2017-06-16,5
review1865,27,-2,1,2017-05-06,1
review1866,62,-1,3,2017-07-26,4
review1867,28,-1,2,2017-07-10,4
review1868,76,-1,3,2017-07-11,5
review1869,70,-1,3,2017-05-11,5
review1870,17,-3,1,2017-05-20,1
review1871,13,-4,1,2017-06-08,1
review1872,29,-1,1,2017-05-01,4
review1873,23,-1,1,2017-08-09,1
review1874,76,-1,1,2017-06-04,4
review1875,70,-2,1,2017-08-04,1
review1876,62,-1,1,2017-06-03,5
review1877,66,-1,3,2017-06-28,5
review1878,29,-1,1,2017-05-28,1
review1879,69,-1,4,2017-06-09,5
review1880,14,-1,1,2017-04-14,1
review1881,21,-1,1,2017-04-15,3
review1882,49,-1,1,2017-06-10,2
review1883,26,-1,2,2017-06-22,4
review1884,61,-1,1,2017-06-09,1
review1885,49,-1,1,2017-06-21,5
review1886,20,-1,1,2017-07-17,5
review1887,31,-1,1,2017-07-29,1
review1888,12,-1,1,2017-08-13,1
review1889,26,-1,1,2017-05-11,5
review1890,65,-1,3,2017-06-14,4
review1891,46,-1,1,2017-07-17,4
review1892,44,-2,3,2017-07-25,5
review1893,73,-2,1,2017-05-10,4
review1894,15,-1,1,2017-05-23,1
review1895,22,-1,1,2017-05-05,1
review1896,59,-1,1,2017-06-25,1
review1897,16,-1,1,2017-08-01,4
review1898,14,-1,1,2017-05-14,2
review1899,48,-1,3,2017-05-15,5
review1900,52,-1,1,2017-04-19,5
review1901,69,-1,1,2017-06-22,5
review1902,37,-1,2,2017-07-25,3
review1903,73,-1,1,2017-07-21,4
review1904,59,-1,1,2017-04-22,2
review1905,58,-1,3,2017-05-09,5
review1906,30,-1,1,2017-06-07,3
review1907,61,-1,1,2017-05-24,1
review1908,17,-1,2,2017-06-13,1
review1909,15,-1,2,2017-05-11,1
review1910,11,-1,1,2017-07-17,5
review1911,14,-2,2,2017-06-04,1
review1912,18,-1,1,2017-08-04,5
review1913,70,-1,3,2017-07-25,5
review1914,52,-1,3,2017-05-06,1
review1915,56,-1,2,2017-04-18,4
review1916,15,-1,2,2017-06-04,1
review1917,32,-1,2,2017-07-09,5
review1918,20,-1,1,2017-07-19,2
review1919,73,-1,2,2017-05-15,4
review1920,16,-1,1,2017-07-31,4
review1921,67,-1,1,2017-05-28,5
review1922,59,-1,2,2017-06-05,4
review1923,16,-1,1,2017-06-02,5
review1924,50,-1,3,2017-07-04,5
review1925,55,-1,3,2017-06-18,5
review1926,45,-1,2,2017-05-29,5
review1927,55,-1,3,2017-04-29,5
review1928,47,-1,3,2017-07-17,5
review1929,45,-1,3,2017-05-03,5
review1930,30,-1,1,2017-06-14,2
review1931,55,-2,1,2017-05-01,5
review1932,14,-1,1,2017-07-10,1
review1933,44,-2,3,2017-07-25,5
review1934,56,-1,3,2017-08-06,5
review1935,15,-1,1,2017-06-04,5
review1936,36,-1,1,2017-05-26,5
review1937,38,-1,3,2017-04-26,5
review1938,44,-1,2,2017-04-18,1
review1939,17,-2,1,2017-06-05,1
review1940,50,-1,1,2017-08-13,1
review1941,46,-1,3,2017-06-11,5
review1942,34,-1,1,2017-08-11,3
review1943,46,-1,2,2017-04-26,5
review1944,61,-1,4,2017-04-16,5
review1945,16,-1,1,2017-07-02,5
review1946,60,-1,3,2017-06-04,5
review1947,8,-3,1,2017-05-29,1
review1948,61,-1,1,2017-05-24,1
review1949,49,-1,3,2017-07-15,5
review1950,40,-1,3,2017-04-30,3
review1951,21,-1,1,2017-05-29,3
review1952,15,-1,1,2017-07-16,5
review1953,15,-1,2,2017-05-11,1
review1954,47,-1,1,2017-08-12,5
review1955,41,-1,3,2017-05-31,4
review1956,44,-1,3,2017-06-25,5
review1957,59,-1,3,2017-05-29,4
review1958,38,-1,3,2017-06-05,5
review1959,16,-1,1,2017-07-05,1
review1960,13,-1,1,2017-04-14,2
review1961,41,-1,3,2017-05-02,5
review1962,36,-1,3,2017-04-18,5
review1963,16,-1,1,2017-07-31,4
review1964,9,-2,1,2017-04-15,1
review1965,41,-1,2,2017-04-17,4
review1966,38,-1,1,2017-08-20,5
review1967,13,-1,1,2017-06-28,1
review1968,47,-2,3,2017-05-09,5
review1969,38,-1,3,2017-07-23,5
review1970,45,-1,3,2017-05-03,5
review1971,38,-1,2,2017-05-17,5
review1972,31,-1,1,2017-06-22,5
review1973,46,-1,1,2017-06-08,5
review1974,56,-1,1,2017-07-15,5
review1975,9,-1,1,2017-06-24,5
review1976,12,-1,1,2017-08-01,1
review1977,32,-1,1,2017-05-17,1
review1978,42,-1,2,2017-07-05,5
review1979,48,-1,1,2017-07-18,5
review1980,37,-1,1,2017-04-23,2
review1981,6,-1,1,2017-05-30,4
review1982,32,-1,3,2017-05-25,4
review1983,39,-1,1,2017-05-09,5
review1984,60,-1,3,2017-06-04,5
review1985,46,-1,1,2017-04-22,5
review1986,35,-1,2,2017-08-10,4
review1987,48,-1,2,2017-05-31,4
review1988,16,-2,3,2017-08-12,2
review1989,39,-1,2,2017-06-07,5
review1990,39,-1,2,2017-06-23,4
review1991,13,-1,1,2017-06-11,4
review1992,58,-1,3,2017-04-28,5
review1993,45,-1,3,2017-07-25,4
review1994,38,-1,2,2017-07-24,5
review1995,11,-1,2,2017-07-08,1
review1996,40,-2,1,2017-06-01,5
review1997,26,-1,2,2017-08-05,5
review1998,43,-1,3,2017-08-08,5
review1999,51,-1,1,2017-06-02,5
review2000,13,-1,1,2017-04-14,2
review2001,38,-1,1,2017-05-14,4
review2002,22,-1,3,2017-04-30,4
review2003,9,-2,1,2017-04-15,1
review2004,27,-1,3,2017-07-13,5
review2005,19,-1,1,2017-04-28,5
review2006,41,-1,2,2017-04-17,4
review2007,35,-1,3,2017-08-08,5
review2008,38,-1,3,2017-07-23,5
review2009,31,-1,1,2017-06-22,5
review2010,46,-1,1,2017-06-08,5
review2011,9,-1,1,2017-06-24,5
review2012,35,-3,2,2017-07-04,4
review2013,30,-1,1,2017-04-14,3
review2014,33,-1,3,2017-06-23,5
review2015,39,-1,1,2017-05-05,5
review2016,30,-1,1,2017-04-25,4
review2017,33,-1,3,2017-06-18,5
review2018,32,-1,3,2017-05-25,4
review2019,46,-4,1,2017-05-13,1
review2020,47,-1,2,2017-06-29,5
review2021,39,-1,1,2017-05-09,5
review2022,8,-1,1,2017-05-11,4
review2023,46,-1,1,2017-04-22,5
review2024,32,-1,1,2017-05-25,5
review2025,12,-1,1,2017-04-22,2
review2026,25,-1,1,2017-04-18,5
review2027,31,-1,4,2017-07-30,5
review2028,48,-1,2,2017-07-08,5
review2029,26,-1,3,2017-06-06,5
review2030,58,-1,3,2017-04-28,5
review2031,22,-2,1,2017-07-26,1
review2032,26,-1,2,2017-08-05,5
review2033,33,-1,1,2017-07-07,2
